State	X2020.12.12	X2020.12.13	X2020.12.14	X2020.12.15	X2020.12.16	X2020.12.17	X2020.12.18	X2020.12.19	X2020.12.20	X2020.12.21	X2020.12.22	X2020.12.23	X2020.12.24	X2020.12.25	X2020.12.26	X2020.12.27	X2020.12.28	X2020.12.29	X2020.12.30	X2020.12.31	X2021.01.01	X2021.01.02	X2021.01.03	X2021.01.04	X2021.01.05	X2021.01.06	X2021.01.07	X2021.01.08	X2021.01.09	X2021.01.10	X2021.01.11	X2021.01.12	X2021.01.13	X2021.01.14	X2021.01.15	X2021.01.16	X2021.01.17	X2021.01.18	X2021.01.19	X2021.01.20	X2021.01.21	X2021.01.22	X2021.01.23	X2021.01.24	X2021.01.25	X2021.01.26	X2021.01.27	X2021.01.28	X2021.01.29	X2021.01.30	X2021.01.31	X2021.02.01	X2021.02.02	X2021.02.03	X2021.02.04	X2021.02.05	X2021.02.06	X2021.02.07	X2021.02.08	X2021.02.09	X2021.02.10	X2021.02.11	X2021.02.12	X2021.02.13	X2021.02.14	X2021.02.15	X2021.02.16	X2021.02.17	X2021.02.18	X2021.02.19	X2021.02.20	X2021.02.21	X2021.02.22	X2021.02.23	X2021.02.24	X2021.02.25	X2021.02.26	X2021.02.27	X2021.02.28	X2021.03.01	X2021.03.02	X2021.03.03	X2021.03.04	X2021.03.05	X2021.03.06	X2021.03.07	X2021.03.08	X2021.03.09	X2021.03.10	X2021.03.11	X2021.03.12	X2021.03.13	X2021.03.14	X2021.03.15	X2021.03.16	X2021.03.17	X2021.03.18	X2021.03.19	X2021.03.20	X2021.03.21	X2021.03.22	X2021.03.23	X2021.03.24	X2021.03.25	X2021.03.26	X2021.03.27	X2021.03.28	X2021.03.29	X2021.03.30	X2021.03.31	X2021.04.01	X2021.04.02	X2021.04.03	X2021.04.04	X2021.04.05	X2021.04.06	X2021.04.07	X2021.04.08	X2021.04.09	X2021.04.10	X2021.04.11	X2021.04.12	X2021.04.13	X2021.04.14	X2021.04.15	X2021.04.16	X2021.04.17	X2021.04.18	X2021.04.19	X2021.04.20	X2021.04.21	X2021.04.22	X2021.04.23	X2021.04.24	X2021.04.25	X2021.04.26	X2021.04.27	X2021.04.28	X2021.04.29	X2021.04.30	X2021.05.01	X2021.05.02	X2021.05.03	X2021.05.04	X2021.05.05	X2021.05.06	X2021.05.07	X2021.05.08	X2021.05.09	X2021.05.10
Alabama	292753	296763	300801	304819.5	308844.5	312846.5	316824	320775.5	324718.5	328674.5	332611	336534	340452	344381.5	348288	352171.5	356067.5	359920.5	363809	367659.5	371498	375320	379167	382978	386794.5	390621	394400.5	398199	401982.5	405770.5	409521.5	413297.5	417027	420806	424562	428317	432032	435749.5	439503.5	443205	446891.5	450620.5	454345.5	458055.5	461734.5	465440	469104	472798	476494.5	480130.5	483775.5	487446	491102	494777	498448.5	502063.5	505655	509313	512971	516583.5	520210	523822	527419.5	531039	534658	538224	541793.5	545409.5	549007	552595.5	556152.5	559700.5	563296	566845.5	570410.5	573975.5	577517	581071	584632.5	588205	591737	595302	598880.5	602419	605957.5	609523	613015	616524	620010.5	623541	627019	630549.5	634042	637535.5	641039	644553.5	648086	651545	655084	658601.5	662090	665597	669015	672522.5	676036	679472.5	682975.5	686443.5	689907	693361	696804	700231	703721.5	707200	710619	714101	717512.5	721038.5	724477.5	727918.5	731351.5	734806	738218	741604.5	745054	748461	751970	755368.5	758735	762175.5	765558	769006	772416.5	775790.5	779216	782566.5	786016.5	789387	792766.5	796169.5	799548	802926.5	806282.5	809667.5	813034.5	816359	819760.5	823101	826507	829878
Arizona	401496	408491	415506	422475	429433	436340.5	443203.5	450013.5	456792	463581.5	470348	477080.5	483794	490493.5	497168	503780.5	510384.5	516991	523543.5	530081	536594.5	543089.5	549570	555988.5	562430	568858	575218.5	581590.5	587912.5	594253	600573.5	606846.5	613181	619463.5	625738	631965.5	638230	644475	650675	656924	663088.5	669241.5	675395	681570.5	687702	693800	699911	706056	712106	718215	724295	730353.5	736381	742370	748405.5	754399.5	760442	766410.5	772439	778424	784427.5	790374	796341.5	802328	808279	814253.5	820224	826083	832037	837983	843906	849845.5	855758	861652.5	867492	873374.5	879248.5	885121	890996.5	896863.5	902746	908542.5	914443	920251	926121.5	931991.5	937789	943580	949322.5	955081	960934	966718	972557.5	978359	984145.5	989930	995712	1001509	1007219.5	1012943	1018632	1024438	1030182.5	1035915	1041616.5	1047406.5	1053184.5	1058954	1064648	1070305.5	1076063.5	1081818.5	1087443.5	1093207	1098837.5	1104484.5	1110113	1115777.5	1121428	1127059.5	1132806	1138468.5	1144121.5	1149717.5	1155399.5	1161008	1166596.5	1172278.5	1177947	1183540.5	1189136	1194762.5	1200385	1206049.5	1211647.5	1217258	1222830	1228402.5	1234020.5	1239510	1245078	1250614.5	1256196	1261789	1267350	1272829.5	1278359.5	1283890.5	1289441.5	1294993
Arkansas	184030	186476	188953	191449	193963	196485	199027	201563	204113	206694	209274	211853.5	214446.5	217046	219658.5	222273.5	224904.5	227538.5	230159.5	232802	235435	238089	240741	243397.5	246057	248713	251356	254020.5	256695.5	259344.5	262022	264688.5	267351.5	270022.5	272698.5	275376	278022	280694.5	283358	286058.5	288712.5	291386.5	294057	296735	299395.5	302049	304721	307388	310049	312710	315349	318030	320662	323330.5	326006	328694	331310.5	333980.5	336631.5	339270	341919	344561.5	347180.5	349829.5	352476	355102	357731.5	360360	363034.5	365636	368293.5	370923.5	373592	376202.5	378819	381423	384073	386685	389301	391950.5	394545.5	397182	399795.5	402411	405020	407648.5	410199	412795.5	415348.5	417925.5	420509	423097.5	425692.5	428329.5	430951.5	433548	436109.5	438718.5	441277	443892.5	446471	449020	451592	454198	456758.5	459323.5	461916	464458.5	467030	469573	472165	474723	477256	479822.5	482359.5	484888.5	487453	490014.5	492576	495131	497703.5	500269	502794.5	505337.5	507907.5	510395	512920.5	515439.5	517977.5	520492.5	523065.5	525573.5	528038.5	530541.5	533058	535534.5	538080	540580.5	543066.5	545571	548078.5	550589.5	553056	555576.5	558033.5	560467	562879	565408.5	567863.5	570286
California	1549161	1581817	1613994	1645908	1677549.5	1708968.5	1740086.5	1770772.5	1801289	1831900.5	1862317	1892622.5	1922698	1952633.5	1982352	2011999.5	2041400.5	2070698	2099958	2128875.5	2157871.5	2186576	2215076	2243647.5	2272006.5	2300208	2328299.5	2356179	2384064	2411952.5	2439752	2467399	2494896	2522335	2549652	2576889	2603880	2631012.5	2657864	2684925	2711605	2738477.5	2765202	2791844.5	2818239	2844732.5	2871146.5	2897585	2923870.5	2950224	2976393	3002501	3028522.5	3054550.5	3080496	3106413	3132221	3158003.5	3183673.5	3209247	3234883	3260336	3285940	3311476.5	3336983.5	3362489	3387864.5	3413289.5	3438603.5	3463937.5	3489033	3514103.5	3539395.5	3564662	3589492.5	3614407	3639640	3664439	3689329.5	3714451.5	3739444.5	3764331	3789175	3814012.5	3838649	3863308.5	3887997	3912686.5	3937438.5	3962150.5	3986706	4011281	4035894	4060443.5	4084927.5	4109572.5	4134003	4158390.5	4182765.5	4207184.5	4231709.5	4256059.5	4280351	4304646.5	4328901	4353315	4377486.5	4401484	4425571.5	4449816.5	4473933.5	4498218	4522342	4546401	4570541.5	4594673	4618753	4642809.5	4666799	4690644.5	4714782.5	4738739	4762583	4786484	4810338	4834110	4858043.5	4881831.5	4905513.5	4929285.5	4953011.5	4976739.5	5000623.5	5024286.5	5048065.5	5071803	5095539.5	5119212	5142948	5166691	5190300.5	5214058.5	5237568.5	5261176.5	5284630.5	5308305	5331797.5	5355174	5378428	5401852.5
Colorado	286069	290491	294957	299394	303821.5	308227	312607	316943	321250	325552.5	329848.5	334092	338349	342574	346785	350975	355113	359305	363438	367584	371667.5	375712.5	379786.5	383853.5	387906.5	391963	395941.5	399937.5	403903.5	407877.5	411815	415722.5	419656.5	423612.5	427503	431421	435327	439164.5	443036.5	446911.5	450755	454586.5	458463	462291	466105	469872	473690.5	477476	481256.5	484997.5	488788	492548	496295.5	500011.5	503750.5	507445	511179	514905.5	518606	522340	526031.5	529733.5	533398	537096.5	540788	544494	548167.5	551831.5	555489	559100.5	562776	566405	570066	573705.5	577333	580929	584510	588176	591763.5	595371	598941.5	602559.5	606141.5	609743.5	613272	616889	620526.5	624099.5	627652	631223.5	634772	638326.5	641879	645426	648963	652493	656067.5	659589	663124	666647.5	670212	673687.5	677193	680712	684189.5	687710	691172	694677	698171.5	701669	705159.5	708590	712040	715523	718969	722400.5	725888	729293	732738	736231.5	739739	743239	746642.5	750085.5	753460	756903	760352	763787	767183.5	770612	774011.5	777452	780803.5	784204	787561	790994.5	794391	797725.5	801108	804410	807812.5	811166	814526.5	817975	821361.5	824747	828148.5	831532	834823	838139
Connecticut	149734	152709	155686.5	158655.5	161616	164551.5	167473	170366.5	173261	176162	179046.5	181913	184767.5	187620	190460.5	193280	196082	198890	201689.5	204442.5	207208.5	209970.5	212708	215437.5	218168.5	220885.5	223600	226279.5	228970.5	231666.5	234363	237000	239660	242310.5	244954.5	247626.5	250250.5	252872	255487.5	258103	260716	263307.5	265903	268494.5	271060.5	273653.5	276219	278780.5	281329.5	283881	286438.5	288995.5	291509	294052.5	296596	299158.5	301665.5	304205.5	306715	309246.5	311731.5	314230	316754.5	319256	321704	324213	326688.5	329162.5	331674	334175	336641.5	339098.5	341569.5	344068.5	346521.5	349028.5	351472	353950.5	356405	358841.5	361311.5	363774	366202.5	368684.5	371143	373555.5	376012	378429.5	380836	383281	385708.5	388152.5	390586.5	393052.5	395502	397907	400320	402747	405126.5	407556.5	409960	412364.5	414731	417151.5	419526.5	421902.5	424322.5	426709.5	429109.5	431453	433805.5	436204	438582	441031	443427	445750.5	448094.5	450516.5	452879.5	455278	457658	459999.5	462316	464664.5	467010	469344	471698.5	474003	476372	478773	481114	483487.5	485802	488134.5	490491	492832	495158.5	497500.5	499813.5	502197.5	504532	506878.5	509252	511609	513940.5	516258	518558.5	520860	523227	525548
Delaware	44723	45631	46540	47448	48355	49258	50160	51057	51952	52849	53746.5	54639	55532	56422	57313.5	58198	59080	59962	60846	61731	62613.5	63486	64368.5	65242	66113.5	66986.5	67856	68725.5	69598	70461	71319.5	72189.5	73055.5	73920.5	74787	75643	76503.5	77363.5	78215.5	79080	79942	80798	81651.5	82505	83359.5	84210.5	85079.5	85920	86767.5	87629.5	88474	89320.5	90173	91025.5	91856	92712.5	93550	94389	95234.5	96087	96927	97766	98614	99454	100298	101138.5	101973	102818.5	103669.5	104503	105343.5	106191	107025	107858	108698.5	109536	110380	111219.5	112054.5	112903.5	113723.5	114566.5	115413	116244	117073	117908	118733.5	119575	120411.5	121239.5	122077	122907	123725.5	124541	125366.5	126212	127032	127878	128702.5	129535	130363.5	131188	132018	132844	133679	134504	135321	136155.5	136969.5	137792	138617	139441	140259	141085	141910	142735.5	143559.5	144378	145199.5	146024	146843.5	147656.5	148499.5	149312.5	150131	150955	151769.5	152602	153417	154232.5	155056.5	155879	156689.5	157517	158335	159137.5	159968	160790.5	161613.5	162420.5	163246.5	164078	164885	165702.5	166521.5	167336	168156.5	168970	169783.5	170588.5
DistrictofColumbia	24672	24986	25302	25618	25934	26250	26563	26880	27193	27508	27821	28134	28447	28760	29075	29389	29701	30014	30325	30639	30952	31264	31577	31889	32198	32509.5	32823.5	33135	33442	33753	34064	34375	34686.5	34995.5	35307.5	35616	35930	36236.5	36545.5	36850.5	37159	37467	37778.5	38084	38401	38709	39014	39322.5	39630.5	39940	40245	40553	40863	41166	41475	41781	42083	42393	42695	43003	43307.5	43615.5	43927.5	44228.5	44533.5	44834	45146	45452	45758	46066	46370	46675	46976.5	47279.5	47594	47893	48196	48498	48801.5	49103.5	49404	49718	50019.5	50320	50629	50925	51232.5	51536.5	51838.5	52142	52442.5	52745.5	53039	53340	53643	53948.5	54256	54554	54856.5	55155.5	55456.5	55758.5	56049	56352	56641.5	56942.5	57244.5	57547	57848.5	58146.5	58439.5	58737.5	59038	59338.5	59630	59934	60233.5	60538	60834.5	61134	61425.5	61726	62025	62329.5	62623.5	62924.5	63221.5	63519.5	63815.5	64112	64406.5	64704.5	65001	65301	65597	65895	66195.5	66488.5	66784.5	67071.5	67368	67663	67956.5	68256	68550	68852	69141.5	69433.5	69724.5	70028.5
Florida	1117812	1129267	1140728	1152106	1163441	1174697	1185871.5	1196905	1207888	1218921.5	1229888	1240800	1251607.5	1262408	1273092	1283826.5	1294458	1304991	1315415.5	1325900	1336396	1346779	1357127.5	1367426.5	1377756.5	1387988.5	1398101.5	1408161	1418190.5	1428193.5	1438259	1448176.5	1458211.5	1468068	1478009.5	1487754	1497526	1507240.5	1516836.5	1526563.5	1536262.5	1545980.5	1555560.5	1565191	1574746	1584182	1593511	1602880	1612315.5	1621676.5	1630956.5	1640310.5	1649580	1658816.5	1667928.5	1677248	1686423	1695577.5	1704721.5	1713896	1723056.5	1732092	1741107.5	1750163	1759301	1768408	1777445.5	1786563.5	1795510	1804575	1813468.5	1822468.5	1831363	1840291.5	1849214.5	1858107.5	1867055.5	1876009	1884775	1893718	1902412.5	1911278	1920066	1928930	1937732	1946515	1955170	1963913	1972715.5	1981528.5	1990234.5	1998991	2007694	2016428	2025051	2033732.5	2042356	2051049	2059736	2068480	2077060.5	2085693	2094439.5	2103057.5	2111704.5	2120403.5	2129028	2137584.5	2146262.5	2154924.5	2163505.5	2172127	2180682	2189232	2197834	2206482	2214996.5	2223569.5	2232146	2240724	2249157.5	2257778	2266231	2274732	2283320	2291682	2300126	2308674	2317143	2325694.5	2334133	2342643.5	2351142.5	2359584.5	2368028.5	2376548.5	2384902	2393313.5	2401655	2410014.5	2418418.5	2426863.5	2435396.5	2443929	2452181.5	2460575.5	2468889	2477355.5	2485796.5	2494183
Georgia	538383	545227	552100	558945	565768	572559	579298.5	585980	592620.5	599277	605904.5	612497	619055	625590.5	632038	638477	644897.5	651291	657654	663981.5	670297.5	676616.5	682871	689101	695318	701463.5	707634	713784	719912	725975.5	732074.5	738178	744237.5	750291.5	756314	762353	768266	774266.5	780158	786139	792030.5	797915.5	803794	809635	815505.5	821299	827128	832891.5	838668	844427	850224.5	855930	861619.5	867363	873156	878845.5	884538.5	890226.5	895890	901565	907288	912958.5	918629.5	924256.5	929902.5	935535	941199	946812	952412.5	957952.5	963508.5	969114.5	974651.5	980225	985710.5	991255.5	996800	1002320.5	1007837	1013318.5	1018854	1024368.5	1029858.5	1035368	1040884	1046344.5	1051844.5	1057336	1062787.5	1068189.5	1073680.5	1079136	1084596	1090070	1095514.5	1100904.5	1106345.5	1111789.5	1117249	1122711.5	1128162	1133628.5	1139087	1144450.5	1149877	1155270.5	1160641.5	1166109.5	1171553.5	1176926	1182260	1187649	1193036.5	1198340.5	1203697.5	1209095	1214466	1219760	1225090	1230402.5	1235733.5	1241084	1246429	1251737.5	1257107	1262442.5	1267738.5	1272991	1278273	1283616.5	1288917	1294197	1299506	1304772	1310080	1315358	1320676	1326000.5	1331225	1336558.5	1341840.5	1347179.5	1352467.5	1357685.5	1362966.5	1368247.5	1373502.5	1378701	1384049	1389338.5
Idaho	121418	123228	125046	126856.5	128656	130443	132217	133967	135717	137469.5	139211	140938.5	142668.5	144384	146094.5	147795	149491	151184	152851	154522.5	156184	157837	159482.5	161121	162754.5	164403.5	166039	167649	169264.5	170876.5	172482.5	174062	175662.5	177238.5	178839	180407.5	181971	183543	185126.5	186685.5	188253.5	189805.5	191348	192901.5	194412.5	195961	197490	199012	200550	202060.5	203589.5	205097.5	206596	208124	209623.5	211141.5	212630.5	214137.5	215644	217135.5	218624.5	220134	221605.5	223103.5	224575.5	226050	227540.5	229003	230484.5	231978.5	233473	234961.5	236405.5	237847	239327.5	240786	242218	243673.5	245118.5	246587.5	248026.5	249479.5	250928.5	252396.5	253862	255253	256721.5	258149.5	259589.5	261029.5	262499.5	263935	265364.5	266816	268215	269658.5	271082.5	272554.5	273925	275360	276775	278178.5	279620.5	281048.5	282464.5	283848.5	285281.5	286711	288107.5	289572	290979	292393.5	293812	295242.5	296625.5	298047.5	299463.5	300867.5	302254.5	303601.5	304991.5	306392.5	307818.5	309200.5	310589.5	311983.5	313359.5	314771	316158	317544	318931.5	320310	321663.5	323057	324445.5	325852.5	327282.5	328640	330012.5	331411	332776.5	334123	335479	336823.5	338193	339559	340920.5	342299.5	343706.5	345078
Illinois	842466.5	851984.5	861481	870958	880392	889785	899106	908337.5	917520	926710.5	935878.5	945002.5	954105.5	963122.5	972106	981055	989982.5	998858	1007713	1016560	1025277	1034026.5	1042726	1051460	1060147	1068723.5	1077329	1085914	1094425.5	1102860.5	1111321	1119808	1128262	1136616.5	1144979.5	1153352	1161657	1170005.5	1178218.5	1186487	1194657	1202892	1211080	1219256.5	1227351	1235548.5	1243613.5	1251675.5	1259749	1267818.5	1275836	1283899	1291947.5	1299913.5	1307888.5	1315837	1323769	1331747	1339656	1347527	1355523.5	1363356	1371211	1379023.5	1386937.5	1394790.5	1402578.5	1410377.5	1418147	1425951	1433644	1441483	1449293	1457063	1464823	1472532.5	1480290.5	1488062.5	1495781	1503399.5	1511088.5	1518790	1526471	1534128	1541822	1549402	1557121	1564694	1572202.5	1579870	1587433.5	1595075.5	1602728	1610270	1617932	1625506	1633088.5	1640651.5	1648171	1655681.5	1663161.5	1670621	1678185.5	1685655.5	1693162	1700666	1708163.5	1715727	1723229.5	1730721	1738147.5	1745604	1753080	1760532	1768012	1775453	1782867.5	1790302	1797748.5	1805148.5	1812578.5	1820054	1827516.5	1834955.5	1842308	1849689	1857031	1864432	1871749.5	1879047.5	1886430	1893842	1901187	1908415	1915793	1923167	1930509.5	1937790	1945066.5	1952442	1959687	1967075.5	1974381.5	1981631.5	1988856	1996161	2003362	2010605.5	2017821.5	2025037
Indiana	419003	425921	432874.5	439830	446783.5	453713	460629.5	467497	474361.5	481241.5	488124.5	495020	501878.5	508692.5	515496.5	522323	529149.5	535967	542743.5	549532.5	556307.5	563108.5	569840	576634.5	583368.5	590104	596819	603526.5	610218	616884	623622	630245	636932.5	643575	650202	656904	663501.5	670094.5	676774	683382.5	689954	696531.5	703114.5	709686.5	716255.5	722794	729395	735958.5	742472	749024.5	755479.5	761984.5	768527.5	775034	781479.5	787935.5	794428.5	800849.5	807263.5	813740.5	820251	826696	833121	839577.5	846002.5	852335.5	858691	865080	871434.5	877825	884258.5	890646.5	896925.5	903259	909594.5	915907	922234	928501.5	934769	941075	947352	953703.5	959878	966179.5	972355.5	978637	984953.5	991185	997414.5	1003648.5	1009916	1016190.5	1022407.5	1028564.5	1034811.5	1040937.5	1047141.5	1053261.5	1059453	1065603	1071785	1077963	1084131	1090294.5	1096459.5	1102504	1108561	1114720.5	1120873.5	1126935.5	1132992.5	1139063.5	1145189	1151257.5	1157356.5	1163353.5	1169400	1175434.5	1181538.5	1187570.5	1193603	1199613.5	1205595.5	1211578	1217518	1223544.5	1229535	1235499.5	1241495	1247426.5	1253364.5	1259368.5	1265345.5	1271296	1277253.5	1283182	1289128	1295041	1300925.5	1306829	1312748	1318685.5	1324585.5	1330408.5	1336330.5	1342193	1348064.5	1353943.5	1359777	1365611.5
Iowa	255744	257889	260062	262230	264396	266553	268703.5	270831	272954.5	275084	277209	279333	281448	283556.5	285664.5	287773	289871.5	291952.5	294036.5	296099.5	298166	300234.5	302294.5	304355	306401.5	308434.5	310486.5	312527	314549.5	316575	318593	320601.5	322620.5	324661	326654	328644.5	330636	332635.5	334630.5	336648	338635.5	340622	342592	344594	346574.5	348536	350506.5	352480	354432	356404	358341.5	360286	362254.5	364218	366181	368092	370052.5	371994.5	373933	375874.5	377818.5	379698	381660	383589.5	385498.5	387426	389324	391235.5	393151.5	395069	396967	398873.5	400774.5	402652.5	404588	406464	408341.5	410235.5	412148	414035.5	415963.5	417809	419674	421587	423451.5	425306	427163	429027	430862.5	432722	434594	436471	438320	440184.5	442003.5	443890	445724	447581	449451	451246	453094.5	454926.5	456783	458641	460505.5	462316	464144	465996	467823.5	469671.5	471534	473361.5	475174	476954	478763.5	480581	482408	484192.5	485985	487834.5	489631	491414	493219.5	495017.5	496780	498632.5	500452.5	502225.5	504025	505817	507659	509445	511191	512926.5	514705	516495.5	518286.5	520049	521833	523619.5	525382	527111	528895	530680	532451.5	534179	535886.5	537674	539422.5	541166
Kansas	190879	193455	196040	198613	201176	203725.5	206262	208762	211264	213764	216254.5	218725.5	221196	223639	226086.5	228505.5	230932	233324.5	235737.5	238107.5	240469.5	242826.5	245182.5	247531	249879.5	252193	254493.5	256773.5	259080	261378	263652	265907	268176.5	270443	272700	274937.5	277162	279415	281629	283863	286091.5	288298.5	290489.5	292728	294900	297067.5	299240.5	301400	303594.5	305755.5	307880.5	310040	312181	314362.5	316468	318584	320707	322856	324972	327124	329279	331427.5	333550.5	335618.5	337726.5	339811.5	341952	344019.5	346131.5	348222.5	350295.5	352416	354471.5	356529	358611	360713	362778.5	364840	366962	368994	370977	373054	375113.5	377176.5	379249.5	381285.5	383325.5	385344.5	387392	389415.5	391431.5	393414.5	395457	397500.5	399496.5	401484.5	403503	405513.5	407540	409514.5	411553	413567.5	415536	417571.5	419591	421620.5	423637	425674	427644.5	429588	431549.5	433528	435512.5	437477.5	439488.5	441444.5	443410	445364	447351.5	449314	451250.5	453167	455152	457131.5	459146.5	461106.5	463046	465003.5	466936.5	468854	470874.5	472854.5	474769	476696	478617.5	480553	482488.5	484461	486333	488238	490136.5	492088	494054	495967	497868.5	499747.5	501658.5	503647	505521.5	507412
Kentucky	221137	225191	229263	233321	237366	241396.5	245403.5	249384.5	253340	257306	261257	265201.5	269148.5	273047.5	276946.5	280808	284671.5	288512	292343	296146.5	299984	303764.5	307556	311303.5	315066.5	318807	322537	326265.5	329987	333709	337372.5	341077	344748.5	348408	352051	355681.5	359359	363021	366659.5	370283.5	373904	377495.5	381102.5	384666	388265	391872	395443	399028	402552	406115.5	409677	413205	416740	420269	423826	427342.5	430863.5	434358	437851.5	441380	444894	448364.5	451864.5	455314.5	458813.5	462308.5	465792	469277	472701	476168.5	479630	483031	486469	489917.5	493360.5	496742.5	500218.5	503607	507019	510449	513853	517242	520661	524074.5	527449	530863.5	534246	537660.5	541035	544400	547759	551116	554449.5	557829	561114.5	564473.5	567790.5	571160.5	574523.5	577882.5	581169	584523	587810.5	591171.5	594472	597750.5	601021	604300.5	607642	610949	614244.5	617537	620764	624062	627322	630608.5	633867.5	637210	640479.5	643683.5	646972.5	650220.5	653432	656739.5	660012	663289	666483	669711	672926	676128.5	679341.5	682572.5	685805	689064.5	692257.5	695488	698660	701824.5	705005	708214.5	711412	714553.5	717725.5	720860.5	724044.5	727191	730358	733503.5	736686.5	739867.5
Louisiana	266803	269459	272150	274845	277549.5	280240.5	282932	285602.5	288268.5	290964.5	293659	296354	299040.5	301739	304433	307121	309807	312474.5	315165.5	317836.5	320516	323218	325895	328570.5	331235	333884	336576	339259.5	341931	344599	347271	349955.5	352605	355277	357952.5	360620	363275	365948.5	368594.5	371213.5	373886	376520.5	379166.5	381805.5	384435	387093.5	389730	392363.5	395013	397650.5	400276.5	402884.5	405518.5	408176.5	410779.5	413407	416025.5	418631	421261	423862	426484.5	429088	431688.5	434308	436944	439551	442165.5	444782	447406.5	449996.5	452572.5	455194	457790	460373	462977.5	465580.5	468147	470757.5	473341	475945	478509.5	481109.5	483669	486247	488856.5	491405	493988	496563	499149.5	501707.5	504275.5	506858	509426.5	512002	514569.5	517154	519666.5	522226	524799	527327.5	529880.5	532424.5	534984.5	537561	540108.5	542649.5	545177.5	547743	550301	552836.5	555348.5	557856	560381.5	562943	565463	567972	570510	573030	575509.5	578026	580541	583040	585561.5	588064	590570.5	593087	595533	598024	600550.5	603052.5	605562	608022.5	610502.5	612994.5	615490	618011.5	620474.5	622954	625409	627969	630458	632934	635399	637911	640399	642878.5	645344.5	647801.5	650268	652703
Maine	15627	16057	16492	16933	17377	17823	18273	18718	19173	19630.5	20097	20560	21028	21496.5	21966	22437.5	22907	23381	23853.5	24333.5	24809.5	25293	25765.5	26246	26724	27204	27687	28170.5	28652	29135.5	29621	30109	30590	31079.5	31560.5	32039	32526	33021.5	33508.5	33987.5	34486	34964.5	35453	35933	36416	36892	37389	37874	38368	38862	39343	39828	40316.5	40802	41293	41784.5	42261	42742.5	43229.5	43727	44216.5	44703	45182.5	45670.5	46161	46656	47138.5	47620.5	48104.5	48586.5	49070.5	49561	50049	50530	51013.5	51514.5	51993.5	52462.5	52962.5	53430	53901	54382.5	54867.5	55350.5	55838	56331	56826	57296	57786	58274.5	58756.5	59233.5	59712.5	60196.5	60673	61159	61620	62100	62595	63074.5	63567	64048	64527.5	65001	65491	65969	66449.5	66922.5	67394.5	67888	68373.5	68851	69336.5	69792	70272.5	70746.5	71222.5	71685.5	72145.5	72617.5	73113.5	73583	74074.5	74543	75004.5	75471	75958	76412	76893.5	77380	77859	78317	78782.5	79267.5	79755	80205	80677	81151	81625.5	82087	82562.5	83030	83505.5	83974.5	84448	84917.5	85396.5	85860.5	86320	86777
Maryland	231767	235097	238428.5	241759	245079	248378	251672	254939	258202.5	261461	264718.5	267961.5	271183.5	274412.5	277618	280812.5	284006	287199.5	290355.5	293527.5	296682	299834	302982	306126	309253.5	312376.5	315479.5	318549	321663.5	324759.5	327858	330922.5	333979.5	337064	340111.5	343156.5	346216.5	349230.5	352249	355271	358298	361329.5	364352	367361.5	370357	373364	376364	379353.5	382343.5	385323	388297	391266.5	394217.5	397209	400182	403121.5	406079	409017	412021	414955.5	417920.5	420862.5	423791.5	426745	429679.5	432582	435522	438445.5	441409	444328.5	447255.5	450148	453043.5	455971.5	458880	461814.5	464729	467618.5	470497	473368	476296	479153	482065	484966	487835.5	490691.5	493568.5	496440.5	499312	502191	505046	507965.5	510801.5	513637.5	516565.5	519407.5	522255.5	525090.5	527979	530803.5	533682.5	536531	539355	542246	545067	547868	550708.5	553568	556392.5	559233.5	562021.5	564840	567685	570527.5	573348	576171	578979.5	581819.5	584644.5	587442	590218	593053	595892.5	598673.5	601517.5	604342	607142	609925	612691	615467	618264.5	621073	623855.5	626650.5	629410.5	632195.5	634990.5	637775.5	640528	643326	646072.5	648828	651598	654334	657112	659903	662684	665450.5	668160.5	670938.5
Massachusetts	285909	291442	297032	302652	308314	313972	319646	325304	331010	336763	342541	348292	354102	359878	365688	371520	377365	383199	389050	394856	400758	406589	412439	418266	424171	430050	435882	441808	447657	453524	459395	465209	471042	476963	482804	488627	494522	500466	506285	512203	518061	523944	529860	535653	541495	547313	553149	559019	564896	570722	576590	582387	588342	594138	599825	605814	611607	617471	623297	629033	634804	640594	646341	652116	657795	663464	669241	675007	680756	686477	692279	698013	703648	709311	714990	720751	726453	732105	737831	743560	749133	754835	760476	766171	771813	777414	783041	788613	794270	799854	805426	810992	816554	822194	827830	833383	838973	844572	850099	855688	861240	866749	872206	877775	883271	888672	894187	899714	905198	910698	916128	921571	927125	932643	938133	943565	948808	954159	959513	964930	970381	975875	981142	986501	991862	997235	1002665	1008069	1013367	1018651	1023998	1029284	1034607	1039865	1045184	1050438	1055717	1060970	1066275	1071483	1076779	1082019	1087315	1092505	1097857	1103122	1108308	1113643	1118757	1123926
Michigan	466955	473639.5	480348	487051	493763	500456	507126.5	513755.5	520337.5	526987.5	533608.5	540238.5	546839	553431	559967	566542.5	573066.5	579605	586124	592619.5	599108	605582	612061	618496	624937	631347	637784.5	644212	650641	657049	663424.5	669797.5	676155	682532.5	688933.5	695283.5	701615.5	707926	714264	720535.5	726787.5	733094.5	739396.5	745624	751907.5	758160.5	764421.5	770637	776818.5	783065	789316.5	795499	801694	807917.5	814087.5	820191.5	826388	832545	838794	845023	851100	857241	863322.5	869516.5	875680.5	881734	887783	893977	900038.5	906109.5	912196	918247.5	924309	930394	936522	942596.5	948649.5	954666	960696	966741	972699.5	978744	984778	990818	996763.5	1002712.5	1008721.5	1014700.5	1020706	1026632.5	1032613	1038564.5	1044584	1050567.5	1056453.5	1062395.5	1068340.5	1074235	1080111.5	1086062	1092000	1097831	1103711.5	1109656	1115581	1121447	1127338	1133205	1139064	1144893	1150784	1156627.5	1162511	1168431.5	1174256.5	1180019.5	1185883.5	1191725	1197503.5	1203290.5	1209201	1214978.5	1220790	1226580.5	1232342	1238191	1244000	1249778.5	1255554	1261323	1267061	1272767.5	1278542.5	1284354.5	1290114.5	1295781.5	1301409	1307157	1312904.5	1318561	1324305	1329954.5	1335612.5	1341270	1346924.5	1352636	1358295.5	1363971	1369653	1375381.5
Minnesota	375682	380482	385384	390322.5	395296.5	400296	405325	410324	415357	420448.5	425560	430673	435791	440932.5	446087.5	451259	456428	461605.5	466812	471981	477193	482370	487571.5	492798.5	497999.5	503225	508432.5	513668.5	518879.5	524099	529319	534515.5	539724.5	544939.5	550201.5	555418	560598.5	565819.5	571065.5	576287.5	581458.5	586665	591846	597025	602281	607414.5	612650.5	617831	622982.5	628187	633349.5	638527.5	643697.5	648814	653966.5	659105	664299	669449.5	674549	679678	684936	689996	695105	700241	705395	710474.5	715549.5	720669	725811.5	730932	735961.5	741041	746121.5	751188.5	756171	761251	766321	771310.5	776376.5	781428.5	786449.5	791494	796465.5	801526.5	806495.5	811446	816467.5	821492.5	826481.5	831482.5	836482	841436.5	846413	851338.5	856266	861237.5	866202.5	871094.5	875994.5	880912	885827.5	890736.5	895572.5	900412.5	905308.5	910119	914981	919739.5	924556	929421	934289	939144.5	944044.5	948884.5	953748.5	958571	963450.5	968245.5	973004	977760	982579	987345.5	992212	996906.5	1001693.5	1006417	1011203.5	1015946.5	1020681	1025436	1030148	1034923	1039611.5	1044319	1049057.5	1053758	1058457.5	1063255	1067920	1072541.5	1077192	1081805	1086450	1091118.5	1095836.5	1100489.5	1105082.5	1109749.5	1114363.5	1119047.5
Mississippi	177425	179581	181762	183944	186126	188311	190487.5	192662.5	194836	197029	199206.5	201388.5	203576.5	205763	207942	210128.5	212301	214481	216646.5	218833.5	221009.5	223181.5	225360.5	227529	229695	231863	234029	236202.5	238358.5	240527	242693.5	244858.5	247010.5	249173	251342.5	253502.5	255649	257812.5	259974.5	262128	264283	266436	268582	270740.5	272902.5	275033.5	277186.5	279320	281453.5	283579	285715	287875.5	290005	292124	294255	296399	298475	300620	302772.5	304905.5	307018.5	309161.5	311269.5	313385	315523	317639.5	319707	321816	323944	326052	328166.5	330228.5	332379.5	334454	336553.5	338658	340720	342819.5	344878.5	346936.5	349009	351083.5	353163	355216	357331	359434.5	361498	363583	365665	367713.5	369818	371895	373981	376033.5	378127	380164.5	382230	384323	386340.5	388382.5	390420.5	392499.5	394545	396588.5	398606.5	400716.5	402743	404785	406837.5	408876.5	410935.5	412996.5	415023.5	416997	419030.5	421092	423124.5	425169.5	427171.5	429215	431224	433275.5	435277	437311	439291.5	441317.5	443298	445346	447324	449337.5	451330	453360	455337	457345	459368	461391	463359	465344	467315.5	469290.5	471269	473265	475277.5	477238	479241	481242	483203.5	485180	487126.5	489079
Missouri	347607	351812	356005	360184.5	364323	368434	372494	376497	380485	384466.5	388408.5	392320.5	396198	400045	403871	407663.5	411439	415181.5	418907.5	422572	426251	429903	433516	437123.5	440716.5	444278.5	447815	451311.5	454844	458305.5	461753	465196.5	468639.5	472044.5	475446.5	478848	482192.5	485518	488870.5	492170	495507.5	498779.5	502053	505342	508624.5	511861	515086.5	518295.5	521465.5	524663.5	527877	531058	534204.5	537384.5	540501	543608.5	546722	549830	552920.5	555991.5	559106	562227	565253.5	568326	571422	574498	577593.5	580605.5	583657	586676.5	589707	592697.5	595691	598698	601685.5	604652.5	607639.5	610606	613549.5	616544	619540.5	622534	625477.5	628387.5	631351.5	634316	637247.5	640152	643083.5	646056.5	649028.5	651909	654823	657743	660611.5	663553	666447	669354.5	672295.5	675174.5	678073	681005	683845	686742	689649	692577.5	695486	698333.5	701198.5	704063.5	706945.5	709802	712653.5	715543	718448.5	721273	724095.5	726945.5	729767	732613.5	735479.5	738325.5	741147.5	743981.5	746784	749611.5	752461	755221	758072.5	760846	763708	766493.5	769291.5	772117.5	774962	777754	780528	783354.5	786186	788980.5	791780.5	794565	797367.5	800147.5	802904.5	805721	808517.5	811295.5	814051	816878.5
Montana	72709	73563	74434	75314	76193	77070	77952.5	78835	79714	80604.5	81503	82395	83292	84192.5	85089.5	85989	86889.5	87794.5	88702.5	89622.5	90529	91445.5	92363	93276.5	94196.5	95104	96020.5	96931	97824	98732	99636	100543.5	101452.5	102367	103270	104175.5	105087.5	105981.5	106894.5	107804.5	108694	109600.5	110506.5	111409	112316.5	113208	114116	115020.5	115922.5	116820.5	117717.5	118603	119486	120371.5	121279	122165.5	123060.5	123940	124845	125740	126606.5	127494.5	128387.5	129269	130153.5	131038	131921	132797.5	133681	134561.5	135451	136323.5	137215.5	138083	138959.5	139836	140704.5	141593.5	142466.5	143324	144201	145086	145931.5	146806	147664.5	148540	149406	150262	151131.5	151983	152838	153697	154551	155409	156269.5	157109.5	157981.5	158847	159698	160543.5	161388.5	162244.5	163084	163940.5	164785	165640	166481.5	167327	168181.5	169032	169847	170698	171552	172394	173243	174080.5	174916	175751.5	176593	177413	178250.5	179077.5	179915.5	180727	181549.5	182377.5	183203	184036.5	184845.5	185697	186506	187336	188137	188950	189761	190574.5	191386	192194.5	193014	193843.5	194651	195478	196293	197111.5	197913	198740.5	199539	200347.5	201161	201951.5
Nebraska	148538	150207	151900	153596	155287	156967	158645	160311	161967	163635	165304.5	166964.5	168612	170268.5	171912.5	173556	175186.5	176822.5	178457	180076.5	181698.5	183318	184921.5	186541.5	188151.5	189738.5	191347.5	192921	194524.5	196111	197708	199280.5	200854.5	202417.5	203984.5	205558	207122	208675.5	210255.5	211806	213365.5	214909	216465	218032	219585.5	221130.5	222667	224227	225755	227275	228783.5	230312	231835.5	233366	234885	236416.5	237965	239469.5	240956	242472	243986.5	245463	246987.5	248494	249994.5	251500.5	252980.5	254466	255964.5	257456	258940	260436	261894	263377.5	264854.5	266337	267815.5	269333.5	270778	272257.5	273701.5	275178.5	276655.5	278090	279531.5	281012	282461	283944	285380.5	286830.5	288285.5	289718.5	291165	292571	294027	295444.5	296910	298345	299780	301210.5	302652.5	304083	305476.5	306886.5	308311.5	309727.5	311154	312557	313950.5	315359.5	316801	318212	319594.5	321016.5	322409.5	323818.5	325253	326690.5	328091	329492.5	330905	332280	333651	335028	336452.5	337797.5	339155.5	340537	341921	343270.5	344660	346044.5	347443	348807	350187.5	351533.5	352898.5	354275.5	355619.5	356972	358319.5	359655	361017.5	362365.5	363678.5	365045	366392	367733.5	369085.5	370406.5
Nevada	184223	187128	190043	192940	195818	198678	201516	204331	207137.5	209940	212731	215501	218253	220996.5	223735.5	226448	229171	231858	234535.5	237216	239852.5	242509.5	245166.5	247778	250398.5	253008	255613	258188.5	260766	263321.5	265884	268434.5	270967	273507.5	276037	278551	281053	283536	286039.5	288515	290982	293471.5	295962	298379.5	300813	303273	305707	308119	310536	312975.5	315353	317752.5	320153.5	322555.5	324979	327380	329746.5	332119	334419.5	336796.5	339200.5	341588	343912.5	346311	348598.5	350980	353311	355635	357968.5	360309.5	362649	364959.5	367332	369642.5	371968	374263.5	376567.5	378853.5	381189	383481.5	385772	388035	390325.5	392642	394909.5	397147.5	399430	401706.5	404004	406273	408552.5	410823.5	413116	415345	417602.5	419846	422119.5	424351.5	426588	428827.5	431057.5	433315.5	435498.5	437733.5	439970	442184	444412	446617.5	448833.5	451025.5	453221	455453	457674.5	459907.5	462097	464304	466482.5	468666	470858	473063	475239.5	477425	479577.5	481794.5	483991	486166.5	488343	490499	492671.5	494820.5	497001.5	499148	501332.5	503534.5	505706.5	507857	510032.5	512205	514346	516432	518622	520810.5	522961.5	525085	527145	529254	531360.5	533492	535614.5	537762.5
NewHampshire	30440	31434	32440	33459	34486	35521	36566	37608	38668	39742	40822.5	41908.5	43001	44100	45207	46316	47426	48538.5	49661	50783.5	51912.5	53036.5	54177	55321	56455.5	57603.5	58743.5	59886.5	61030.5	62179.5	63330	64472	65631	66772.5	67931.5	69078.5	70223.5	71388.5	72540.5	73699	74847.5	76001.5	77160.5	78319.5	79476.5	80630.5	81786	82945	84092	85252.5	86416.5	87562	88714	89881	91033	92177	93330	94498.5	95651.5	96804	97964	99116	100274.5	101430	102584	103737.5	104885	106037.5	107202.5	108350.5	109500.5	110631.5	111769.5	112916	114068.5	115217.5	116346.5	117506.5	118652	119793	120899	122038	123200.5	124309.5	125432.5	126577	127717.5	128873	130008.5	131119.5	132239.5	133378.5	134512.5	135668.5	136792.5	137894.5	139024.5	140135	141246.5	142385	143507	144606.5	145758	146878.5	147984.5	149094.5	150213	151312.5	152416	153528	154651	155755	156869.5	157968.5	159082	160192	161291.5	162391	163508.5	164626	165722	166789.5	167883	168972	170069	171184.5	172271.5	173376.5	174471.5	175569.5	176645.5	177693	178785	179866	180937.5	182026.5	183101	184208.5	185319	186382	187478	188553.5	189644.5	190685.5	191767	192842.5	193941	195025	196115.5	197201.5
NewJersey	395894.5	401555	407218.5	412864.5	418486	424076	429636.5	435148.5	440641.5	446116	451551	456965.5	462368	467751.5	473102.5	478418	483725.5	489004.5	494243	499480.5	504744.5	509959	515121	520288.5	525394.5	530533.5	535632.5	540707	545797.5	550860	555897	560822.5	565852.5	570820.5	575788	580719	585608.5	590534	595434.5	600309.5	605221	610085	614962	619857	624672	629479.5	634300	639105	643862.5	648681.5	653487	658219.5	663051.5	667795	672506.5	677247	681946.5	686686	691412	696128	700829.5	705534	710249	714882.5	719561.5	724271	728977	733695	738344.5	743027.5	747606.5	752186.5	756810.5	761477.5	766149	770765.5	775429	780066	784633	789221.5	793781	798395.5	803051	807618	812213	816793.5	821309.5	825872.5	830421.5	834955.5	839458	844070	848600	853109	857678	862208	866777.5	871306.5	875750.5	880348	884885	889367	893978.5	898474.5	903050	907577.5	912091.5	916603.5	921111.5	925616	930114	934608	939098	943571.5	948025	952505.5	957014	961511.5	965959	970394	974923	979346.5	983764	988255.5	992651.5	997058.5	1001531	1005954	1010351	1014792.5	1019271.5	1023725	1028146.5	1032494	1036937.5	1041277	1045670	1050145	1054596	1059053.5	1063487	1067890	1072367.5	1076796	1081228	1085680	1090082	1094489.5	1098850	1103299.5
NewMexico	118493	120451	122433	124412	126391	128363	130322	132263.5	134204	136152	138095.5	140021.5	141948.5	143864	145774.5	147681	149569	151467.5	153343.5	155224	157114.5	158992	160865	162730	164576.5	166432.5	168253	170102.5	171955	173790	175627.5	177462.5	179283	181107.5	182897.5	184711.5	186520	188326.5	190120	191922	193725	195529.5	197310	199090.5	200838.5	202586.5	204387	206179	207976	209745.5	211498.5	213254.5	214982	216714.5	218480.5	220200.5	221958	223703.5	225456	227189	228931	230669	232435.5	234146.5	235903.5	237624	239323.5	241051.5	242797.5	244490.5	246215	247915	249627	251343.5	253034.5	254704.5	256409	258111.5	259794.5	261462.5	263180.5	264887	266577	268283	269936	271641	273281.5	274967	276631	278315	279965.5	281632.5	283300.5	284970.5	286637.5	288291	289930.5	291591.5	293208	294828.5	296483.5	298142.5	299782.5	301408	303088	304731	306372.5	308051	309648	311320.5	312933.5	314576	316194	317844.5	319469	321078.5	322713	324302	325909.5	327529	329125	330737	332353.5	333997	335586	337181	338805.5	340371	341976.5	343557.5	345175	346768.5	348353	349943.5	351514.5	353128.5	354671	356254	357831.5	359389.5	360979	362540.5	364112.5	365700	367276	368818.5	370358	371945	373522.5	375079.5
NewYork	764926	776056	787211.5	798312	809368.5	820346.5	831238	842029.5	852794	863547	874281.5	884933	895540	906067	916530	926954	937312.5	947665	957956	968205	978413.5	988579.5	998693.5	1008739.5	1018791.5	1028758.5	1038750.5	1048690.5	1058592.5	1068453	1078294.5	1088041	1097741	1107484.5	1117191	1126827.5	1136426	1146086.5	1155636.5	1165209	1174731.5	1184273.5	1193686.5	1203129	1212558.5	1221912	1231325.5	1240637.5	1249975.5	1259248.5	1268600.5	1277927	1287181.5	1296320.5	1305551	1314737	1323912	1333131.5	1342276.5	1351387.5	1360547	1369668.5	1378741	1387803.5	1396914	1406027.5	1415053.5	1424001.5	1433029	1442008	1450973.5	1459900	1468923.5	1477832	1486839.5	1495759.5	1504657.5	1513519.5	1522369	1531292.5	1540140	1549025	1557904	1566802.5	1575568	1584342.5	1593119.5	1601970	1610791.5	1619620.5	1628384.5	1637187.5	1645872.5	1654620	1663314	1672015	1680681.5	1689460	1698130	1706906	1715620	1724360	1733016	1741656.5	1750286	1759008.5	1767563	1776239	1784753	1793354	1801984.5	1810546	1819111	1827708.5	1836261	1844842.5	1853476.5	1862009	1870449	1878943.5	1887500.5	1896063.5	1904581	1913128.5	1921683	1930182	1938778	1947155.5	1955632	1964050.5	1972549	1981038.5	1989504.5	1997856	2006272.5	2014719.5	2023130.5	2031556	2039953.5	2048366	2056799	2065184.5	2073446	2081740	2090155	2098509.5	2106849	2115160	2123474.5	2131854.5
NorthCarolina	430204	436896	443696.5	450498.5	457334.5	464191.5	471053	477890.5	484756.5	491678	498605	505573	512522.5	519507.5	526481	533450.5	540448.5	547438	554437	561426	568447.5	575470.5	582504.5	589515	596570	603588	610664	617701	624809	631834.5	638902	645980	653055	660101	667194.5	674285.5	681337	688415.5	695525	702638.5	709732.5	716837.5	723930.5	731024	738141.5	745216.5	752328.5	759405	766471.5	773574	780613	787736	794802.5	801892	808929.5	815956	823028.5	830109.5	837108	844218	851316	858334.5	865330	872400	879416	886474	893546	900560	907565.5	914685.5	921678	928665	935674	942595.5	949581	956510.5	963448	970420	977402	984416	991331.5	998250.5	1005236	1012181	1019149.5	1025998.5	1032967.5	1039818.5	1046783	1053675.5	1060521.5	1067423	1074280	1081062	1087846	1094674.5	1101540	1108352.5	1115105.5	1121849	1128658	1135390	1142088.5	1148818.5	1155493.5	1162283.5	1168975.5	1175682.5	1182418	1189148	1195912	1202622	1209226	1215972.5	1222652.5	1229257	1235949.5	1242558	1249225	1255922.5	1262510.5	1269138	1275744.5	1282312	1288913.5	1295490	1302124	1308753.5	1315368	1322038	1328608.5	1335215.5	1341740	1348256	1354780.5	1361291.5	1367887	1374420	1380998	1387603.5	1394171	1400653.5	1407068	1413429	1419801.5	1426152.5	1432581.5	1439027.5	1445504	1452021.5
NorthDakota	87943	88701	89485	90278	91087	91907	92731	93564	94409.5	95269	96132	97006.5	97888	98772	99659	100548	101443	102338.5	103244.5	104145.5	105057	105970	106885	107793.5	108714	109631	110553	111474.5	112399	113321	114238.5	115162.5	116090	117019	117956.5	118885	119810.5	120734.5	121657	122572.5	123497.5	124424	125352	126271	127178	128089	129001.5	129946.5	130859.5	131789	132703	133596.5	134505.5	135412	136329	137249	138150	139055.5	139969	140887	141775	142671.5	143578.5	144478	145362.5	146256	147162	148063.5	148935.5	149835.5	150739.5	151637.5	152536.5	153427.5	154318	155216	156098	156965.5	157858	158733	159608	160469	161334	162216	163056.5	163909.5	164789	165654	166521.5	167386.5	168241	169102	169975	170825.5	171683.5	172534	173383	174235.5	175061	175923	176764	177625.5	178469.5	179310	180151	180990	181825.5	182646.5	183498	184311.5	185148	185974	186801	187617.5	188434.5	189279	190085	190888.5	191716	192526.5	193357	194149	194968	195778	196582	197384.5	198180.5	198979.5	199770	200584.5	201338	202147.5	202923	203740.5	204515.5	205293.5	206092.5	206863	207655.5	208445	209259	210014.5	210808	211562	212316	213065.5	213824.5	214610.5	215369.5	216123.5
Ohio	555071	568053.5	581147.5	594279.5	607551.5	620867.5	634185	647468.5	660782.5	674222.5	687643.5	701124	714643.5	728154.5	741642.5	755157.5	768673.5	782254.5	795754.5	809263	822871	836354.5	849901.5	863374.5	876900	890442.5	904012	917582	931093.5	944690	958208	971631.5	985154	998602	1012118.5	1025619.5	1039150	1052630	1066092	1079471	1092957.5	1106400	1119869	1133161	1146586.5	1159968	1173307.5	1186683	1200007	1213347.5	1226607	1239915	1253248	1266494	1279707	1292879	1306210.5	1319365	1332595	1345823.5	1358936	1372076.5	1385298.5	1398381	1411500.5	1424525	1437608	1450715	1463797	1476771.5	1489720.5	1502673.5	1515610.5	1528581	1541601	1554494	1567453	1580412	1593332.5	1606210	1619132.5	1631948	1644672.5	1657474.5	1670209	1682909	1695773.5	1708457.5	1721100	1733701	1746371	1759009.5	1771792.5	1784383.5	1796965.5	1809428	1821975.5	1834493.5	1847083.5	1859556	1872046	1884559	1897002.5	1909318.5	1921721	1934119	1946440.5	1958744	1971083.5	1983483	1995760	2008185.5	2020515.5	2032776.5	2044999	2057230	2069546.5	2081637	2093912.5	2106090	2118199.5	2130357	2142480	2154617.5	2166689	2178854	2190935	2202989	2214968.5	2226910	2238900	2250810.5	2262722	2274761	2286598.5	2298547	2310375	2322192	2333968	2345742	2357554.5	2369198.5	2380927	2392650.5	2404368.5	2415974.5	2427775	2439461.5	2451165	2462785.5
Oklahoma	232866	236433.5	240057.5	243711	247389	251090	254812.5	258532.5	262261	266045	269836	273639	277442	281275	285126.5	288963.5	292814	296663	300524	304399.5	308281	312158	316044.5	319937	323823.5	327698.5	331613.5	335507	339395	343319.5	347209	351113	355033.5	358961	362894.5	366834	370750.5	374643.5	378551	382457	386339	390230.5	394167	398031.5	401963	405890.5	409791.5	413693	417573	421472	425348.5	429275	433183.5	437051	440902	444782.5	448668.5	452522	456426.5	460280	464154	467986	471831.5	475676.5	479517	483400	487250.5	491137.5	494987.5	498838	502706.5	506468	510296	514148	518041.5	521803	525620	529451	533268.5	537077	540867	544658.5	548464.5	552237.5	555999.5	559798	563638.5	567395	571158	574923.5	578705	582453.5	586244.5	590019.5	593749.5	597512.5	601236.5	604999	608730	612441	616232	619938	623649	627389.5	631126.5	634834	638517	642254	645936	649620	653319.5	657023.5	660658	664349.5	668032	671722.5	675364.5	679056	682705	686353.5	690020.5	693671.5	697334.5	701005	704622.5	708242	711889.5	715534	719143	722847.5	726490	730087.5	733710	737277	740852.5	744423.5	748039.5	751581	755185	758761.5	762352.5	765925.5	769506.5	773119.5	776638.5	780141	783723	787265.5	790834	794425
Oregon	93102	94788	96481	98162	99832	101490.5	103139	104769	106387	108009	109615	111216	112811	114396	115962	117524.5	119079	120631	122175	123704	125230	126750	128257	129768.5	131285.5	132777.5	134267.5	135730.5	137207.5	138679.5	140149.5	141607.5	143062	144514	145960	147405.5	148826.5	150273.5	151690	153106	154530.5	155947	157341.5	158735.5	160135	161532.5	162941.5	164333.5	165729.5	167137.5	168514.5	169899.5	171281	172676	174030.5	175402	176795	178139	179535.5	180862.5	182238.5	183597	184953	186317.5	187662	189035.5	190383	191726.5	193070.5	194418	195739	197072.5	198417.5	199757	201120	202477.5	203783	205135	206469.5	207817.5	209131.5	210446	211755.5	213072	214380.5	215709	217008	218326	219647	220967.5	222302	223625.5	224971.5	226282	227588	228899	230203	231530.5	232837	234138.5	235445.5	236785	238080.5	239366.5	240661.5	241966	243259.5	244564.5	245868.5	247153.5	248446	249772	251042	252349.5	253671	254979	256283	257575	258857.5	260174.5	261480	262756	264052	265376	266630	267922	269196.5	270468.5	271738	273048.5	274359.5	275629	276874.5	278175	279463	280719	282044.5	283378	284628.5	285912.5	287173.5	288413	289734	291013.5	292257.5	293542.5	294825.5	296105	297361.5	298665.5
Pennsylvania	487406	498670	509986	521311.5	532687	544057	555406	566748.5	578086.5	589429.5	600791	612149.5	623538	634867.5	646212	657545	668858	680165	691463	702774	714139	725374	736678	748017.5	759302	770603	781771	793021	804219	815429.5	826637.5	837858.5	849063.5	860267	871496	882637	893797	904967	916155	927194	938339	949474.5	960555.5	971704	982756.5	993875.5	1004916.5	1015933.5	1026972	1038041.5	1049014.5	1060079	1071180.5	1082122.5	1093051.5	1104024.5	1114920	1125797.5	1136746	1147667	1158613	1169439.5	1180388	1191309.5	1202078.5	1212924.5	1223839	1234748	1245584.5	1256303	1267141.5	1277934	1288829.5	1299620	1310397	1321142	1331875	1342600	1353391.5	1364096	1374779.5	1385520.5	1396276.5	1406940	1417537.5	1428174.5	1438788.5	1449403	1460067	1470683.5	1481311.5	1491848	1502450	1513015	1523588	1534112	1544648	1555192	1565669.5	1576160.5	1586609	1597120	1607556	1617947.5	1628479.5	1638917.5	1649303.5	1659697	1670190.5	1680626.5	1690944.5	1701335	1711604	1722039.5	1732418.5	1742664	1752948.5	1763192	1773561	1783887	1794261	1804618	1814946.5	1825049	1835272	1845481.5	1855712.5	1865890.5	1876077.5	1886232.5	1896491	1906643	1916781.5	1926885.5	1937069	1947168.5	1957339.5	1967447.5	1977510.5	1987616.5	1997611.5	2007690.5	2017742.5	2027893	2037844.5	2047914.5	2057985.5	2068020.5	2077922	2087934.5
RhodeIsland	72339	73856	75365	76864	78359	79836	81296	82740	84179	85616	87043.5	88459	89867	91262.5	92651	94028.5	95398	96759.5	98108	99460	100796.5	102128	103444	104763.5	106079	107376.5	108668	109950.5	111219.5	112500	113769	115029	116290	117535	118775.5	120009.5	121247	122489.5	123716	124931.5	126150.5	127357	128561	129750.5	130940	132153.5	133344	134526	135704	136882	138058	139211	140378.5	141535	142707	143867	145024	146192	147338	148488	149636	150774.5	151907	153050	154185.5	155307	156442.5	157568.5	158717.5	159844.5	160961	162089	163196.5	164326.5	165440.5	166562	167662	168770	169860.5	170971.5	172076.5	173189.5	174272	175378	176482.5	177588.5	178685.5	179795.5	180875.5	181973.5	183075	184146.5	185226	186318.5	187376	188482	189545.5	190624.5	191695.5	192764	193834.5	194929	195977	197048.5	198106	199187	200251.5	201285	202352.5	203429.5	204499.5	205543	206633	207687.5	208728	209775.5	210834	211912.5	212941	214015	215072.5	216141.5	217166.5	218231	219268	220321.5	221350	222390.5	223425.5	224463	225514.5	226543.5	227603.5	228626.5	229670.5	230732	231747	232817.5	233831.5	234855.5	235899	236921.5	237927.5	238952	239987	241001	242026	243045	244078	245107.5
SouthCarolina	248428	251692.5	254970.5	258249.5	261501	264757.5	267990.5	271172.5	274366	277574	280744	283925	287087	290211.5	293346	296468	299573.5	302703	305828.5	308940	312042	315135.5	318230.5	321318.5	324399	327498	330560.5	333652.5	336731.5	339816	342865	345967.5	349028.5	352115.5	355148	358181	361245.5	364356.5	367405	370448	373497.5	376552	379604	382646.5	385732	388752.5	391790.5	394792	397832	400846.5	403902	406925.5	409942	412981	416039.5	419108	422096.5	425111	428133.5	431144	434138	437107	440100	443097.5	446109.5	449088.5	452083	455101.5	458092.5	461062	463988	466890	469862	472776	475720	478614	481567.5	484504	487467	490374	493278	496211.5	499119.5	502070	504999.5	507944	510907.5	513843	516805.5	519692	522628.5	525532	528428	531299.5	534198.5	537100.5	539948.5	542837	545703	548551.5	551464	554341.5	557211	560154.5	563033.5	565916	568794.5	571665	574497	577402	580341	583235	586093	588911	591775.5	594623.5	597475.5	600319	603220.5	606075	608913	611832.5	614647.5	617530	620414	623266.5	626038	628819.5	631665	634463	637249	640032	642831	645648	648469	651247.5	654077	656904.5	659711	662464.5	665266.5	668054.5	670892.5	673749	676511.5	679285.5	682055.5	684886	687667	690413
SouthDakota	90478	91285	92104	92919	93736	94552.5	95366	96177.5	96990	97802	98617	99432	100242.5	101058	101870	102686	103496	104297.5	105108	105912	106719	107520.5	108324	109124	109928	110722	111523	112326.5	113121	113922	114720	115513	116299.5	117101	117893.5	118681.5	119471	120267	121058	121837	122624	123420	124198.5	124980.5	125769.5	126541.5	127316.5	128103	128870	129639	130418.5	131204	131980	132759	133522.5	134302.5	135080.5	135845	136601	137372.5	138141	138922	139679	140453	141223	141983	142738.5	143510	144266	145026.5	145784	146550	147292.5	148049.5	148811	149564.5	150317	151071	151831	152582.5	153332	154086.5	154849.5	155592.5	156336	157080.5	157822	158567	159308.5	160045.5	160795	161539	162284	163023	163765	164498	165242.5	165962.5	166705	167430.5	168173.5	168894.5	169627	170356.5	171081.5	171807	172536.5	173256	173970.5	174706	175421	176143	176870.5	177594	178325	179046.5	179754.5	180485.5	181185	181911.5	182617.5	183344	184049.5	184764.5	185476.5	186170	186895	187594.5	188295.5	189016	189726	190428.5	191123	191840	192543.5	193251.5	193953	194657.5	195352	196050.5	196747	197448	198154	198835	199539.5	200230.5	200919	201601	202296	202998.5
Tennessee	442650	449197.5	455878	462657	469528	476443	483401	490382	497413	504548	511712	518927.5	526174.5	533422.5	540746	548093.5	555446	562824	570232	577615.5	585069	592552.5	600018	607496.5	614970.5	622430	629943.5	637435	644966.5	652482.5	660036	667594.5	675158.5	682711.5	690267	697817	705357.5	712970	720498	728139.5	735706	743303	750823	758410	765950	773504.5	781042.5	788584.5	796155	803669.5	811222	818718.5	826192.5	833734	841264.5	848810	856253	863788.5	871244	878748.5	886267.5	893782.5	901218.5	908679.5	916131.5	923568.5	930986.5	938468.5	945904	953248.5	960671	968053.5	975367	982809.5	990108	997464.5	1004806.5	1012084.5	1019535	1026843.5	1034196	1041489.5	1048788.5	1056114.5	1063402.5	1070647.5	1077900.5	1085140	1092435	1099708	1106980	1114142	1121383	1128628.5	1135811.5	1143087.5	1150270.5	1157438.5	1164604	1171779.5	1178932.5	1186074.5	1193198.5	1200303.5	1207456	1214637.5	1221794	1228808.5	1235879.5	1242945	1249990.5	1257029.5	1264048.5	1271122	1278019.5	1285037	1292072.5	1299138	1306175.5	1313173	1320080	1326992.5	1334022	1340950.5	1347820.5	1354823	1361728	1368648	1375578	1382512	1389341	1396238	1403123	1409997.5	1416830.5	1423635	1430448	1437220	1444008	1450686.5	1457417.5	1464197.5	1470949	1477651	1484372.5	1491132.5	1497865.5	1504650	1511415.5	1518071.5
Texas	1403730	1418820.5	1434034.5	1449295	1464640.5	1480034	1495442	1510785.5	1526161.5	1541706	1557272.5	1572825	1588427.5	1604019	1619632	1635318.5	1650998	1666627.5	1682268.5	1697941	1713663.5	1729335.5	1745104	1760899.5	1776581.5	1792261	1808020	1823766.5	1839502	1855278.5	1871123	1886825.5	1902608	1918251.5	1934003	1949773.5	1965574.5	1981227	1997055	2012778	2028498.5	2044211	2059949.5	2075679	2091391	2107178	2122760.5	2138629.5	2154368	2169985.5	2185599	2201281	2216986.5	2232709.5	2248296	2263931	2279575.5	2295093.5	2310672	2326310.5	2341910	2357392	2372978	2388523.5	2404229.5	2419784.5	2435369	2450991	2466448.5	2481954.5	2497502	2513001.5	2528433	2543859.5	2559347	2574827	2590335.5	2605839	2621275.5	2636719	2652080	2667416.5	2682750.5	2698404	2713928	2729149.5	2744440.5	2759835.5	2775217.5	2790359	2805522	2820850.5	2836149.5	2851522	2866766.5	2881929.5	2897201.5	2912477.5	2927723.5	2942909.5	2958031.5	2973162	2988384	3003687.5	3018796.5	3033902.5	3048909	3064238	3079378.5	3094434.5	3109521	3124531.5	3139619	3154773	3169716.5	3184810.5	3199727	3214660.5	3229647.5	3244763	3259818	3274863.5	3289868	3304913.5	3319876.5	3334896	3349856.5	3364767.5	3379677	3394479.5	3409302	3424080.5	3439082	3453981.5	3468713	3483578	3498205	3512993	3527826	3542586.5	3557259.5	3572153.5	3586910.5	3601700.5	3616329	3631054	3645749	3660521	3675098	3689802
Utah	231245	234478	237787	241135	244507.5	247878.5	251262	254636	258031	261479	264939	268398.5	271885	275367.5	278860.5	282366	285849.5	289356	292854.5	296361	299865	303364	306864	310359	313863.5	317361	320871	324370	327880.5	331364.5	334867	338359	341832	345321.5	348787	352299	355789.5	359263.5	362781	366256	369770.5	373223	376667.5	380129	383606	387078	390558.5	393981.5	397402.5	400840.5	404306.5	407749.5	411149.5	414594.5	417978	421407.5	424833	428274.5	431719.5	435125	438587.5	441984	445392	448767	452139.5	455565.5	458900.5	462338	465720	469114.5	472461	475868	479202.5	482592.5	485943.5	489317	492628	495965	499278	502637	506021.5	509311	512648	515969	519313	522634	525949	529272	532569	535863.5	539224.5	542516.5	545806	549057.5	552347	555644	558961.5	562185.5	565486	568781	572088.5	575348.5	578617.5	581882	585141	588386	591665.5	594902	598181	601385.5	604677	607937.5	611122.5	614328.5	617548	620770.5	623954	627197	630389.5	633604	636797.5	639984	643170.5	646356.5	649506	652683.5	655849.5	659061	662170	665336.5	668496.5	671650	674834	678031.5	681172	684336.5	687467.5	690614.5	693746	696892	700048.5	703204	706332.5	709458.5	712565.5	715683	718785	721900	725031.5	728141.5
Vermont	5686	5832	5983	6134	6286	6440	6592	6745.5	6899	7055	7210	7365	7521	7678.5	7835.5	7992	8149.5	8307	8467	8621.5	8780	8933.5	9091	9248	9405	9560	9716.5	9873.5	10032	10188	10342.5	10497.5	10651	10810	10975.5	11127.5	11290.5	11450	11603	11762	11915.5	12074.5	12236	12390.5	12541	12697	12862	13017.5	13179	13328	13489.5	13644.5	13809	13968.5	14122.5	14275	14428	14589.5	14737.5	14899	15059	15213	15373.5	15538.5	15687	15848	15996	16145.5	16309	16471.5	16624.5	16786	16940	17098.5	17255.5	17407.5	17577.5	17734.5	17899	18055.5	18205	18362.5	18521.5	18671.5	18826.5	18980	19138	19292.5	19450.5	19607	19758.5	19919.5	20080.5	20241	20396.5	20549	20701	20853.5	21012	21168	21318.5	21471.5	21626.5	21786.5	21945	22094.5	22261.5	22424.5	22574	22725	22876	23030.5	23189.5	23350	23499	23646	23806	23971	24116.5	24271	24421.5	24574	24745	24894.5	25053.5	25206	25365	25513	25657	25813.5	25962	26119.5	26273.5	26427	26584.5	26734.5	26884.5	27037	27195	27346	27508.5	27650.5	27800.5	27963	28119.5	28277.5	28421	28571	28732	28872.5
Virginia	278496	282589	286702.5	290806	294896	298970	303020	307032	311036	315052	319059.5	323042.5	327016.5	330963	334920	338866	342788	346692	350585.5	354458	358331.5	362172	366038.5	369866	373698	377514	381315	385110.5	388890.5	392682.5	396461	400212	403982.5	407716.5	411462	415196	418939.5	422666	426378	430101.5	433789.5	437515	441159.5	444865.5	448516	452195.5	455884	459512	463167.5	466835	470487.5	474125	477794.5	481435	485054.5	488658	492277	495876.5	499520.5	503155.5	506756.5	510364.5	513927	517504	521083.5	524656.5	528223	531804.5	535406.5	539003	542543	546132.5	549690.5	553254	556806	560385.5	563911	567430	571016	574565.5	578092.5	581676	585213.5	588692	592256	595755.5	599230	602770	606247.5	609781.5	613293	616807	620295	623756	627300	630816	634309.5	637792	641291	644772	648237	651756.5	655228.5	658709.5	662155.5	665684.5	669173	672655	676160.5	679682.5	683136	686590	690062.5	693523.5	696977	700428.5	703890.5	707386	710820.5	714261.5	717702.5	721104	724540.5	727992.5	731481	734911.5	738336.5	741750.5	745160	748601.5	752053.5	755518	758916.5	762359.5	765758	769145	772611	776042	779424.5	782843	786243.5	789683	793093	796497	799874.5	803246	806681	810035.5	813501	816942
Washington	198577.5	201613.5	204649	207655	210637	213602.5	216527	219431	222311	225198	228052.5	230898	233695	236506.5	239304.5	242057.5	244822.5	247553.5	250283	252971	255654.5	258330	260977	263611	266236.5	268825.5	271412.5	273993	276575.5	279141.5	281724.5	284236	286803.5	289320	291877.5	294358.5	296796.5	299315.5	301784.5	304189	306610	309097	311508.5	313957	316337.5	318753.5	321113.5	323523	325904	328271.5	330624.5	332989.5	335345	337709	340040	342413.5	344777	347088.5	349385.5	351733.5	353972.5	356275.5	358671.5	360969.5	363278	365557.5	367827.5	370144.5	372439.5	374685	376961.5	379270.5	381579	383898.5	386178.5	388434.5	390667	392936	395186.5	397364.5	399579.5	401839.5	404102.5	406331.5	408570.5	410794.5	413008	415267	417503.5	419757.5	421954	424157.5	426375.5	428557	430786	433012	435178	437451	439631	441837	444029	446238.5	448477.5	450678.5	452935.5	455131	457332.5	459510	461751	463934	466164	468321	470469.5	472620	474861	477041.5	479245	481438	483606	485789.5	487958.5	490118.5	492316	494485.5	496643.5	498839	501073	503284	505461	507607	509786.5	511888.5	514024	516230.5	518377	520481	522639	524781	526960.5	529088.5	531225.5	533342.5	535577.5	537730	539916.5	542064	544170	546364.5	548466.5	550663.5
WestVirginia	61905	63185	64477	65765	67060	68357	69652	70942	72231	73529	74828	76124	77421	78714.5	80008	81298	82594.5	83886.5	85180	86476.5	87767	89060	90355	91651.5	92945	94233	95517	96805	98088	99381.5	100665.5	101947.5	103239	104512	105800.5	107084.5	108356.5	109643.5	110922.5	112204	113470.5	114746.5	116020.5	117301.5	118567.5	119854.5	121129.5	122394	123663	124930.5	126210	127472.5	128748.5	130030.5	131304	132554	133799.5	135081.5	136355	137627	138883.5	140146.5	141397	142663.5	143930.5	145188.5	146448.5	147713	148977.5	150239	151479	152714	153975.5	155240	156496	157743	159000	160258	161500	162752.5	164005.5	165250	166489	167724.5	168958	170192.5	171441.5	172672.5	173935	175163	176395.5	177636	178877	180116.5	181352.5	182597	183817	185046	186275.5	187487.5	188711.5	189943	191174	192410.5	193640.5	194874.5	196077	197306	198540.5	199762	200987.5	202207	203448	204659.5	205866	207045	208243	209449.5	210659	211882.5	213103.5	214294	215503	216712	217934.5	219129.5	220321	221556	222760	223940.5	225158	226345.5	227543	228753.5	229927.5	231132	232291	233510	234693.5	235888.5	237092	238283	239476.5	240661	241842.5	243031	244231	245422	246618.5	247773
Wisconsin	465551	469766	474013	478266.5	482513	486766	491008.5	495214	499426	503651	507885.5	512095	516292	520478.5	524688.5	528867.5	533092.5	537279.5	541470	545644.5	549788.5	553983.5	558153.5	562321	566495	570660	574802.5	578994	583133.5	587274.5	591434.5	595608.5	599767	603872	607972	612084	616230.5	620348	624463	628593	632717.5	636811.5	640947.5	645037.5	649156	653259	657360	661419.5	665480	669573	673604	677657.5	681743.5	685830.5	689857.5	693928.5	697972.5	702046.5	706039.5	710104.5	714102.5	718115.5	722107	726128.5	730110.5	734120	738102.5	742118.5	746035.5	750017	754057	758066	762042.5	766017.5	769995	773939.5	777852.5	781817.5	785739	789667.5	793590	797550	801439.5	805313	809281	813194	817101.5	821010.5	824928.5	828823	832703	836586	840482.5	844448.5	848346.5	852246.5	856191.5	860046	863917	867734	871659	875538.5	879425.5	883263.5	887189	891013	894816	898693.5	902479.5	906281.5	909988.5	913799	917626	921462	925281.5	929053	932879	936659	940406.5	944154.5	947927	951718.5	955431	959215	963048.5	966829.5	970528	974260.5	978028	981780.5	985513.5	989270	993084	996832.5	1000584	1004341.5	1008077.5	1011744.5	1015478.5	1019159.5	1022836.5	1026616.5	1030321.5	1034007	1037647.5	1041348	1045049	1048684	1052311	1056001.5
Wyoming	39232	39693	40165	40640	41120	41601	42086	42572	43062	43561	44055.5	44552	45052	45551	46056.5	46560	47064	47574	48079.5	48588	49096	49604	50110.5	50623	51136	51649	52157	52666	53171.5	53680.5	54196.5	54709	55218	55732	56240.5	56748.5	57267	57779.5	58287	58797	59316	59831	60345	60854	61369.5	61879.5	62388.5	62897	63420	63927	64436	64948	65453	65965	66457	66957.5	67464.5	67969	68472.5	68979.5	69486.5	69974	70485	70994.5	71471	71990.5	72488	72971	73478	73978	74466	74969.5	75464	75963	76460	76948	77448	77935.5	78430	78932.5	79431	79913	80415.5	80901.5	81394.5	81870	82337	82824	83321.5	83806.5	84293.5	84782.5	85267.5	85748.5	86228.5	86706	87193	87665.5	88137	88630.5	89107.5	89590	90062.5	90530.5	91000.5	91480	91953	92419	92905	93373	93843.5	94327.5	94788	95261.5	95734	96208.5	96681	97158	97622.5	98095	98570.5	99038.5	99496.5	99963.5	100426.5	100897	101361.5	101818	102288.5	102734	103197.5	103662.5	104132	104607.5	105055	105525	105982	106451.5	106903	107352	107803.5	108274.5	108720.5	109184	109627.5	110080	110519.5	110960	111415.5	111876.5
UnitedState	15939699	16167547.5	16396175.5	16624561.5	16852671.5	17079935	17306258.5	17531230	17755583	17981172.5	18205603	18429967	18654155	18877563	19100138.5	19322308.5	19543785	19764728	19984851.5	20204997	20424528.5	20643582.5	20862078.5	21079801.5	21297297	21514383.5	21731052	21947410.5	22163050	22378168	22593169	22807858	23021811.5	23235531.5	23448613	23661656.5	23874438.5	24086791	24298916.5	24510502	24721580.5	24932601	25142929.5	25353376	25563074.5	25772929.5	25981924.5	26190785	26399353.5	26607389	26815453	27023211	27230492.5	27437168.5	27643700	27850133	28056674.5	28262441.5	28467967.5	28673647.5	28878985.5	29084011.5	29288718.5	29493360.5	29697395.5	29901183	30104666.5	30308393.5	30511731.5	30714278.5	30916940	31119793	31322384.5	31524493.5	31726143.5	31928557.5	32130437	32330906.5	32532368.5	32733844.5	32934954.5	33135701	33336217.5	33536545.5	33736754	33936196.5	34135714	34335517.5	34534203.5	34733134	34931801.5	35130263.5	35328836.5	35526911.5	35725160.5	35922800.5	36120357.5	36318283	36515644	36712214.5	36908533.5	37105342.5	37302449.5	37498883	37694587	37890253.5	38085705	38281893.5	38477064	38671927	38867225	39062213.5	39256976	39451562.5	39646154	39840453	40034949.5	40228611	40422401	40616315	40809593	41003061	41196154.5	41388774.5	41581278	41774090	41966021.5	42158392	42350227	42542218.5	42733590.5	42925146	43116409	43307562	43498456.5	43689465.5	43879885	44070646	44261261.5	44451342	44641169.5	44831452.5	45021233.5	45210481.5	45399825	45589450.5	45778445	45966907.5	46155309.5	46344055
